ts,aqi
2026-03-27 10:02:13,77
2026-03-27 10:12:12,77
2026-03-27 10:22:13,78
2026-03-27 10:32:13,79
2026-03-27 10:42:12,79
2026-03-27 10:52:13,79
2026-03-27 11:02:13,79
2026-03-27 11:12:13,79
2026-03-27 11:22:13,82
2026-03-27 11:32:12,82
2026-03-27 11:42:12,82
2026-03-27 11:52:24,82
2026-03-27 12:02:25,82
2026-03-27 12:12:25,82
2026-03-27 12:22:24,83
2026-03-27 12:32:25,83
2026-03-27 12:42:26,83
2026-03-27 12:52:25,83
2026-03-27 13:02:25,83
2026-03-27 13:12:25,80
2026-03-27 13:22:25,80
2026-03-27 13:32:24,80
2026-03-27 13:42:25,90
2026-03-27 13:52:26,90
2026-03-27 14:02:25,90
2026-03-27 14:12:25,90
2026-03-27 14:22:25,85
2026-03-27 14:32:25,85
2026-03-27 14:42:25,85
2026-03-27 14:52:24,85
2026-03-27 15:02:25,85
2026-03-27 15:12:26,85
2026-03-27 15:22:26,82
2026-03-27 15:32:25,86
2026-03-27 15:42:25,86
2026-03-27 15:52:24,86
2026-03-27 16:02:25,86
2026-03-27 16:12:25,86
2026-03-27 16:22:24,86
2026-03-27 16:32:25,86
2026-03-27 16:42:26,97
2026-03-27 16:52:26,97
2026-03-27 17:02:25,97
2026-03-27 17:12:25,105
2026-03-27 17:22:26,85
2026-03-27 17:32:26,105
2026-03-27 17:42:26,105
2026-03-27 17:52:26,105
2026-03-27 18:02:25,105
2026-03-27 18:12:26,105
2026-03-27 18:22:25,105
2026-03-27 18:32:25,96
2026-03-27 18:42:25,96
2026-03-27 18:52:26,96
2026-03-27 19:02:26,96
2026-03-27 19:12:25,96
2026-03-27 19:22:25,96
2026-03-27 19:32:00,96
2026-03-27 19:42:00,96
2026-03-27 19:52:00,95
2026-03-27 20:02:00,96
2026-03-27 20:12:00,96
2026-03-27 20:22:00,96
2026-03-27 20:32:00,96
2026-03-27 20:42:00,95
2026-03-27 20:52:00,95
2026-03-27 21:02:00,95
2026-03-27 21:12:00,95
2026-03-27 21:22:00,94
2026-03-27 21:32:00,98
2026-03-27 21:42:00,104
2026-03-27 21:52:00,98
2026-03-27 22:02:00,105
2026-03-27 22:12:00,104
2026-03-27 22:22:00,98
2026-03-27 22:32:00,96
2026-03-27 22:42:00,101
2026-03-27 22:52:00,102
2026-03-27 23:02:00,100
2026-03-27 23:12:00,101
2026-03-27 23:22:00,99
2026-03-27 23:32:00,97
2026-03-27 23:42:00,105
2026-03-27 23:52:00,105
2026-03-28 00:02:00,92
2026-03-28 00:12:00,86
2026-03-28 00:22:00,86
2026-03-28 00:32:00,89
2026-03-28 00:42:00,93
2026-03-28 00:52:00,93
2026-03-28 01:02:00,93
2026-03-28 01:12:00,92
2026-03-28 01:22:00,90
2026-03-28 01:32:00,88
2026-03-28 01:42:00,89
2026-03-28 01:52:00,87
2026-03-28 02:02:00,85
2026-03-28 02:12:00,84
2026-03-28 02:22:00,91
2026-03-28 02:32:00,89
2026-03-28 02:42:00,88
2026-03-28 02:52:00,91
2026-03-28 03:02:00,88
2026-03-28 03:12:00,83
2026-03-28 03:22:00,91
2026-03-28 03:32:00,89
2026-03-28 03:42:00,91
2026-03-28 03:52:00,83
2026-03-28 04:02:00,91
2026-03-28 04:12:00,92
2026-03-28 04:22:00,93
2026-03-28 04:32:00,87
2026-03-28 04:42:00,92
2026-03-28 04:52:00,85
2026-03-28 05:02:00,89
2026-03-28 05:12:00,84
2026-03-28 05:22:00,91
2026-03-28 05:32:00,90
2026-03-28 05:42:00,83
2026-03-28 05:52:00,85
2026-03-28 06:02:00,91
2026-03-28 06:12:00,88
2026-03-28 06:22:00,93
2026-03-28 06:32:00,86
2026-03-28 06:42:00,91
2026-03-28 06:52:00,91
2026-03-28 07:02:00,108
2026-03-28 07:12:00,102
2026-03-28 07:22:00,107
2026-03-28 07:32:00,108
2026-03-28 07:42:00,105
2026-03-28 07:52:00,103
2026-03-28 08:02:00,110
2026-03-28 08:12:00,107
2026-03-28 08:22:00,104
2026-03-28 08:32:00,109
2026-03-28 08:42:00,109
2026-03-28 08:52:00,109
2026-03-28 09:02:00,105
2026-03-28 09:12:00,109
2026-03-28 09:22:00,106
2026-03-28 09:32:00,102
2026-03-28 09:42:00,105
2026-03-28 09:52:00,108
2026-03-28 10:02:00,111
2026-03-28 10:12:00,111
2026-03-28 10:22:00,110
2026-03-28 10:32:00,105
2026-03-28 10:42:00,105
2026-03-28 10:52:00,111
2026-03-28 11:02:00,87
2026-03-28 11:12:00,87
2026-03-28 11:22:00,89
2026-03-28 11:32:00,91
2026-03-28 11:42:00,86
2026-03-28 11:52:00,83
2026-03-28 12:02:00,84
2026-03-28 12:12:00,92
2026-03-28 12:22:00,89
2026-03-28 12:32:00,89
2026-03-28 12:42:00,84
2026-03-28 12:52:00,90
2026-03-28 13:02:00,71
2026-03-28 13:12:00,72
2026-03-28 13:22:00,70
2026-03-28 13:32:00,76
2026-03-28 13:42:00,70
2026-03-28 13:52:00,78
2026-03-28 14:02:00,78
2026-03-28 14:12:00,78
2026-03-28 14:22:00,68
2026-03-28 14:32:00,69
2026-03-28 14:42:00,76
2026-03-28 14:52:00,70
2026-03-28 15:02:00,76
2026-03-28 15:12:00,72
2026-03-28 15:22:00,74
2026-03-28 15:32:00,75
2026-03-28 15:42:00,75
2026-03-28 15:52:00,71
2026-03-28 16:02:00,74
2026-03-28 16:12:00,68
2026-03-28 16:22:00,72
2026-03-28 16:32:00,78
2026-03-28 16:42:00,72
2026-03-28 16:52:00,71
2026-03-28 17:02:00,87
2026-03-28 17:12:00,83
2026-03-28 17:22:00,92
2026-03-28 17:32:00,84
2026-03-28 17:42:00,86
2026-03-28 17:52:00,85
2026-03-28 18:02:00,93
2026-03-28 18:12:00,85
2026-03-28 18:22:00,84
2026-03-28 18:32:00,93
2026-03-28 18:42:00,86
2026-03-28 18:52:00,90
2026-03-28 19:02:00,87
2026-03-28 19:12:00,93
2026-03-28 19:22:00,91
2026-03-28 19:32:00,83
2026-03-28 19:42:00,93
2026-03-28 19:52:00,89
2026-03-28 20:02:00,96
2026-03-28 20:12:00,105
2026-03-28 20:22:00,97
2026-03-28 20:32:00,98
2026-03-28 20:42:00,104
2026-03-28 20:52:00,100
2026-03-28 21:02:00,103
2026-03-28 21:12:00,97
2026-03-28 21:22:00,104
2026-03-28 21:32:00,103
2026-03-28 21:42:00,98
2026-03-28 21:52:00,96
2026-03-28 22:02:00,105
2026-03-28 22:12:00,96
2026-03-28 22:22:00,104
2026-03-28 22:32:00,104
2026-03-28 22:42:00,102
2026-03-28 22:52:00,95
2026-03-28 23:02:00,96
2026-03-28 23:12:00,98
2026-03-28 23:22:00,99
2026-03-28 23:32:00,97
2026-03-28 23:42:00,102
2026-03-28 23:52:00,104
2026-03-29 00:02:00,83
2026-03-29 00:12:00,92
2026-03-29 00:22:00,85
2026-03-29 00:32:00,87
2026-03-29 00:42:00,89
2026-03-29 00:52:00,88
2026-03-29 01:02:00,92
2026-03-29 01:12:00,91
2026-03-29 01:22:00,85
2026-03-29 01:32:00,83
2026-03-29 01:42:00,86
2026-03-29 01:52:00,88
2026-03-29 02:02:00,87
2026-03-29 02:12:00,91
2026-03-29 02:22:00,87
2026-03-29 02:32:00,92
2026-03-29 02:42:00,84
2026-03-29 02:52:00,92
2026-03-29 03:02:00,83
2026-03-29 03:12:00,88
2026-03-29 03:22:00,88
2026-03-29 03:32:00,84
2026-03-29 03:42:00,93
2026-03-29 03:52:00,89
2026-03-29 04:02:00,83
2026-03-29 04:12:00,88
2026-03-29 04:22:00,84
2026-03-29 04:32:00,85
2026-03-29 04:42:00,92
2026-03-29 04:52:00,91
2026-03-29 05:02:00,83
2026-03-29 05:12:00,93
2026-03-29 05:22:00,90
2026-03-29 05:32:00,88
2026-03-29 05:42:00,89
2026-03-29 05:52:00,89
2026-03-29 06:02:00,93
2026-03-29 06:12:00,92
2026-03-29 06:22:00,90
2026-03-29 06:32:00,89
2026-03-29 06:42:00,83
2026-03-29 06:52:00,87
2026-03-29 07:02:00,111
2026-03-29 07:12:00,106
2026-03-29 07:22:00,109
2026-03-29 07:32:00,106
2026-03-29 07:42:00,110
2026-03-29 07:52:00,102
2026-03-29 08:02:00,109
2026-03-29 08:12:00,107
2026-03-29 08:22:00,106
2026-03-29 08:32:00,110
2026-03-29 08:42:00,111
2026-03-29 08:52:00,111
2026-03-29 09:02:00,110
2026-03-29 09:12:00,104
2026-03-29 09:22:00,104
2026-03-29 09:32:00,107
2026-03-29 09:42:00,109
2026-03-29 09:52:00,103
2026-03-29 10:02:00,107
2026-03-29 10:12:00,107
2026-03-29 10:22:00,102
2026-03-29 10:32:00,101
2026-03-29 10:42:00,108
2026-03-29 10:52:00,103
2026-03-29 11:02:00,85
2026-03-29 11:12:00,85
2026-03-29 11:22:00,89
2026-03-29 11:32:00,86
2026-03-29 11:42:00,93
2026-03-29 11:52:00,91
2026-03-29 12:02:00,91
2026-03-29 12:12:00,91
2026-03-29 12:22:00,87
2026-03-29 12:32:00,89
2026-03-29 12:42:00,93
2026-03-29 12:52:00,84
2026-03-29 13:02:00,73
2026-03-29 13:12:00,70
2026-03-29 13:22:00,73
2026-03-29 13:32:00,68
2026-03-29 13:42:00,73
2026-03-29 13:52:00,75
2026-03-29 14:02:00,74
2026-03-29 14:12:00,68
2026-03-29 14:22:00,73
2026-03-29 14:32:00,73
2026-03-29 14:42:00,76
2026-03-29 14:52:00,73
2026-03-29 15:02:00,70
2026-03-29 15:12:00,74
2026-03-29 15:22:00,72
2026-03-29 15:32:00,70
2026-03-29 15:42:00,75
2026-03-29 15:52:00,78
2026-03-29 16:02:00,75
2026-03-29 16:12:00,73
2026-03-29 16:22:00,73
2026-03-29 16:32:00,69
2026-03-29 16:42:00,68
2026-03-29 16:52:00,68
2026-03-29 17:02:00,92
2026-03-29 17:12:00,85
2026-03-29 17:22:00,88
2026-03-29 17:32:00,83
2026-03-29 17:42:00,89
2026-03-29 17:52:00,93
2026-03-29 18:02:00,92
2026-03-29 18:12:00,89
2026-03-29 18:22:00,84
2026-03-29 18:32:00,93
2026-03-29 18:42:00,87
2026-03-29 18:52:00,83
2026-03-29 19:02:00,93
2026-03-29 19:12:00,92
2026-03-29 19:22:00,85
2026-03-29 19:32:00,89
2026-03-29 19:42:00,84
2026-03-29 19:52:00,83
2026-03-29 20:02:00,102
2026-03-29 20:12:00,100
2026-03-29 20:22:00,99
2026-03-29 20:32:00,99
2026-03-29 20:42:00,105
2026-03-29 20:52:00,101
2026-03-29 21:02:00,95
2026-03-29 21:12:00,99
2026-03-29 21:22:00,104
2026-03-29 21:32:00,97
2026-03-29 21:42:00,101
2026-03-29 21:52:00,96
2026-03-29 22:02:00,103
2026-03-29 22:12:00,103
2026-03-29 22:22:00,99
2026-03-29 22:32:00,102
2026-03-29 22:42:00,95
2026-03-29 22:52:00,98
2026-03-29 23:02:00,102
2026-03-29 23:12:00,96
2026-03-29 23:22:00,101
2026-03-29 23:32:00,100
2026-03-29 23:42:00,105
2026-03-29 23:52:00,95
2026-03-30 00:02:00,87
2026-03-30 00:12:00,92
2026-03-30 00:22:00,93
2026-03-30 00:32:00,87
2026-03-30 00:42:00,84
2026-03-30 00:52:00,88
2026-03-30 01:02:00,84
2026-03-30 01:12:00,83
2026-03-30 01:22:00,90
2026-03-30 01:32:00,88
2026-03-30 01:42:00,87
2026-03-30 01:52:00,86
2026-03-30 02:02:00,90
2026-03-30 02:12:00,87
2026-03-30 02:22:00,83
2026-03-30 02:32:00,93
2026-03-30 02:42:00,87
2026-03-30 02:52:00,87
2026-03-30 03:02:00,91
2026-03-30 03:12:00,87
2026-03-30 03:22:00,83
2026-03-30 03:32:00,92
2026-03-30 03:42:00,87
2026-03-30 03:52:00,85
2026-03-30 04:02:00,91
2026-03-30 04:12:00,87
2026-03-30 04:22:00,89
2026-03-30 04:32:00,90
2026-03-30 04:42:00,89
2026-03-30 04:52:00,83
2026-03-30 05:02:00,85
2026-03-30 05:12:00,84
2026-03-30 05:22:00,83
2026-03-30 05:32:00,90
2026-03-30 05:42:00,88
2026-03-30 05:52:00,85
2026-03-30 06:02:00,91
2026-03-30 06:12:00,93
2026-03-30 06:22:00,89
2026-03-30 06:32:00,84
2026-03-30 06:42:00,91
2026-03-30 06:52:00,88
2026-03-30 07:02:00,102
2026-03-30 07:12:00,104
2026-03-30 07:22:00,101
2026-03-30 07:32:00,106
2026-03-30 07:42:00,101
2026-03-30 07:52:00,110
2026-03-30 08:02:00,105
2026-03-30 08:12:00,102
2026-03-30 08:22:00,108
2026-03-30 08:32:00,109
2026-03-30 08:42:00,109
2026-03-30 08:52:00,108
2026-03-30 09:02:00,101
2026-03-30 09:12:00,101
2026-03-30 09:22:00,104
2026-03-30 09:32:00,104
2026-03-30 09:42:00,106
2026-03-30 09:52:00,108
2026-03-30 10:02:00,101
2026-03-30 10:12:00,110
2026-03-30 10:22:00,105
2026-03-30 10:32:00,106
2026-03-30 10:42:00,103
2026-03-30 10:52:00,106
2026-03-30 11:02:00,92
2026-03-30 11:12:00,90
2026-03-30 11:22:00,83
2026-03-30 11:32:00,84
2026-03-30 11:42:00,90
2026-03-30 11:52:00,91
2026-03-30 12:02:00,92
2026-03-30 12:12:00,83
2026-03-30 12:22:00,90
2026-03-30 12:32:00,87
2026-03-30 12:42:00,91
2026-03-30 12:52:00,92
2026-03-30 13:02:00,77
2026-03-30 13:12:00,76
2026-03-30 13:22:00,69
2026-03-30 13:32:00,72
2026-03-30 13:42:00,75
2026-03-30 13:52:00,70
2026-03-30 14:02:00,70
2026-03-30 14:12:00,70
2026-03-30 14:22:00,72
2026-03-30 14:32:00,71
2026-03-30 14:42:00,71
2026-03-30 14:52:00,74
2026-03-30 15:02:00,78
2026-03-30 15:12:00,70
2026-03-30 15:22:00,69
2026-03-30 15:32:00,68
2026-03-30 15:42:00,78
2026-03-30 15:52:00,74
2026-03-30 16:02:00,69
2026-03-30 16:12:00,78
2026-03-30 16:22:00,71
2026-03-30 16:32:00,76
2026-03-30 16:42:00,77
2026-03-30 16:52:00,69
2026-03-30 17:02:00,93
2026-03-30 17:12:00,87
2026-03-30 17:22:00,86
2026-03-30 17:32:00,87
2026-03-30 17:42:00,83
2026-03-30 17:52:00,92
2026-03-30 18:02:00,85
2026-03-30 18:12:00,88
2026-03-30 18:22:00,91
2026-03-30 18:32:00,88
2026-03-30 18:42:00,83
2026-03-30 18:52:00,90
2026-03-30 19:02:00,87
2026-03-30 19:12:00,93
2026-03-30 19:22:00,89
2026-03-30 19:32:00,85
2026-03-30 19:42:00,86
2026-03-30 19:52:00,93
2026-03-30 20:02:00,102
2026-03-30 20:12:00,102
2026-03-30 20:22:00,98
2026-03-30 20:32:00,100
2026-03-30 20:42:00,100
2026-03-30 20:52:00,96
2026-03-30 21:02:00,105
2026-03-30 21:12:00,102
2026-03-30 21:22:00,97
2026-03-30 21:32:00,96
2026-03-30 21:42:00,96
2026-03-30 21:52:00,97
2026-03-30 22:02:00,101
2026-03-30 22:12:00,98
2026-03-30 22:22:00,105
2026-03-30 22:32:00,103
2026-03-30 22:42:00,103
2026-03-30 22:52:00,103
2026-03-30 23:02:00,99
2026-03-30 23:12:00,104
2026-03-30 23:22:00,96
2026-03-30 23:32:00,97
2026-03-30 23:42:00,99
2026-03-30 23:52:00,102
2026-03-31 00:02:00,92
2026-03-31 00:12:00,88
2026-03-31 00:22:00,91
2026-03-31 00:32:00,88
2026-03-31 00:42:00,85
2026-03-31 00:52:00,87
2026-03-31 01:02:00,89
2026-03-31 01:12:00,91
2026-03-31 01:22:00,84
2026-03-31 01:32:00,84
2026-03-31 01:42:00,86
2026-03-31 01:52:00,84
2026-03-31 02:02:00,91
2026-03-31 02:12:00,88
2026-03-31 02:22:00,84
2026-03-31 02:32:00,87
2026-03-31 02:42:00,86
2026-03-31 02:52:00,89
2026-03-31 03:02:00,92
2026-03-31 03:12:00,89
2026-03-31 03:22:00,85
2026-03-31 03:32:00,87
2026-03-31 03:42:00,85
2026-03-31 03:52:00,93
2026-03-31 04:02:00,86
2026-03-31 04:12:00,88
2026-03-31 04:22:00,90
2026-03-31 04:32:00,92
2026-03-31 04:42:00,84
2026-03-31 04:52:00,85
2026-03-31 05:02:00,88
2026-03-31 05:12:00,93
2026-03-31 05:22:00,87
2026-03-31 05:32:00,93
2026-03-31 05:42:00,88
2026-03-31 05:52:00,91
2026-03-31 06:02:00,85
2026-03-31 06:12:00,92
2026-03-31 06:22:00,88
2026-03-31 06:32:00,83
2026-03-31 06:42:00,91
2026-03-31 06:52:00,88
2026-03-31 07:02:00,105
2026-03-31 07:12:00,107
2026-03-31 07:22:00,107
2026-03-31 07:32:00,102
2026-03-31 07:42:00,102
2026-03-31 07:52:00,102
2026-03-31 08:02:00,103
2026-03-31 08:12:00,108
2026-03-31 08:22:00,110
2026-03-31 08:32:00,101
2026-03-31 08:42:00,111
2026-03-31 08:52:00,105
2026-03-31 09:02:00,103
2026-03-31 09:12:00,110
2026-03-31 09:22:00,109
2026-03-31 09:32:00,104
2026-03-31 09:42:00,102
2026-03-31 09:52:00,110
2026-03-31 10:02:00,109
2026-03-31 10:12:00,105
2026-03-31 10:22:00,107
2026-03-31 10:32:00,107
2026-03-31 10:42:00,106
2026-03-31 10:52:00,106
2026-03-31 11:02:00,85
2026-03-31 11:12:00,89
2026-03-31 11:22:00,84
2026-03-31 11:32:00,92
2026-03-31 11:42:00,93
2026-03-31 11:52:00,84
2026-03-31 12:02:00,83
2026-03-31 12:12:00,90
2026-03-31 12:22:00,84
2026-03-31 12:32:00,90
2026-03-31 12:42:00,83
2026-03-31 12:52:00,93
2026-03-31 13:02:00,78
2026-03-31 13:12:00,75
2026-03-31 13:22:00,73
2026-03-31 13:32:00,73
2026-03-31 13:42:00,68
2026-03-31 13:52:00,77
2026-03-31 14:02:00,70
2026-03-31 14:12:00,71
2026-03-31 14:22:00,68
2026-03-31 14:32:00,72
2026-03-31 14:42:00,75
2026-03-31 14:52:00,71
2026-03-31 15:02:00,73
2026-03-31 15:12:00,73
2026-03-31 15:22:00,69
2026-03-31 15:32:00,78
2026-03-31 15:42:00,74
2026-03-31 15:52:00,68
2026-03-31 16:02:00,71
2026-03-31 16:12:00,75
2026-03-31 16:22:00,69
2026-03-31 16:32:00,77
2026-03-31 16:42:00,78
2026-03-31 16:52:00,68
2026-03-31 17:02:00,88
2026-03-31 17:12:00,84
2026-03-31 17:22:00,87
2026-03-31 17:32:00,87
2026-03-31 17:42:00,83
2026-03-31 17:52:00,83
2026-03-31 18:02:00,92
2026-03-31 18:12:00,87
2026-03-31 18:22:00,85
2026-03-31 18:32:00,92
2026-03-31 18:42:00,92
2026-03-31 18:52:00,89
2026-03-31 19:02:00,85
2026-03-31 19:12:00,89
2026-03-31 19:22:00,85
2026-03-31 19:32:00,87
2026-03-31 19:42:00,85
2026-03-31 19:52:00,92
2026-03-31 20:02:00,102
2026-03-31 20:12:00,103
2026-03-31 20:22:00,105
2026-03-31 20:32:00,99
2026-03-31 20:42:00,96
2026-03-31 20:52:00,98
2026-03-31 21:02:00,96
2026-03-31 21:12:00,105
2026-03-31 21:22:00,99
2026-03-31 21:32:00,97
2026-03-31 21:42:00,103
2026-03-31 21:52:00,96
2026-03-31 22:02:00,101
2026-03-31 22:12:00,98
2026-03-31 22:22:00,102
2026-03-31 22:32:00,103
2026-03-31 22:42:00,100
2026-03-31 22:52:00,100
2026-03-31 23:02:00,103
2026-03-31 23:12:00,97
2026-03-31 23:22:00,96
2026-03-31 23:32:00,105
2026-03-31 23:42:00,96
2026-03-31 23:52:00,104
2026-04-01 00:02:00,93
2026-04-01 00:12:00,83
2026-04-01 00:22:00,89
2026-04-01 00:32:00,92
2026-04-01 00:42:00,89
2026-04-01 00:52:00,84
2026-04-01 01:02:00,85
2026-04-01 01:12:00,87
2026-04-01 01:22:00,88
2026-04-01 01:32:00,86
2026-04-01 01:42:00,92
2026-04-01 01:52:00,88
2026-04-01 02:02:00,91
2026-04-01 02:12:00,88
2026-04-01 02:22:00,85
2026-04-01 02:32:00,89
2026-04-01 02:42:00,86
2026-04-01 02:52:00,93
2026-04-01 03:02:00,89
2026-04-01 03:12:00,86
2026-04-01 03:22:00,89
2026-04-01 03:32:00,83
2026-04-01 03:42:00,87
2026-04-01 03:52:00,91
2026-04-01 04:02:00,91
2026-04-01 04:12:00,87
2026-04-01 04:22:00,91
2026-04-01 04:32:00,92
2026-04-01 04:42:00,91
2026-04-01 04:52:00,88
2026-04-01 05:02:00,92
2026-04-01 05:12:00,83
2026-04-01 05:22:00,87
2026-04-01 05:32:00,84
2026-04-01 05:42:00,88
2026-04-01 05:52:00,83
2026-04-01 06:02:00,89
2026-04-01 06:12:00,93
2026-04-01 06:22:00,93
2026-04-01 06:32:00,90
2026-04-01 06:42:00,92
2026-04-01 06:52:00,84
2026-04-01 07:02:00,102
2026-04-01 07:12:00,103
2026-04-01 07:22:00,107
2026-04-01 07:32:00,107
2026-04-01 07:42:00,111
2026-04-01 07:52:00,102
2026-04-01 08:02:00,107
2026-04-01 08:12:00,108
2026-04-01 08:22:00,109
2026-04-01 08:32:00,110
2026-04-01 08:42:00,111
2026-04-01 08:52:00,102
2026-04-01 09:02:00,110
2026-04-01 09:12:00,101
2026-04-01 09:22:00,106
2026-04-01 09:32:00,105
2026-04-01 09:42:00,106
2026-04-01 09:52:00,102
2026-04-01 10:02:00,105
2026-04-01 10:12:00,106
2026-04-01 10:22:00,105
2026-04-01 10:32:00,106
2026-04-01 10:42:00,104
2026-04-01 10:52:00,111
2026-04-01 11:02:00,93
2026-04-01 11:12:00,91
2026-04-01 11:22:00,83
2026-04-01 11:32:00,92
2026-04-01 11:42:00,86
2026-04-01 11:52:00,91
2026-04-01 12:02:00,93
2026-04-01 12:12:00,87
2026-04-01 12:22:00,86
2026-04-01 12:32:00,87
2026-04-01 12:42:00,92
2026-04-01 12:52:00,84
2026-04-01 13:02:00,71
2026-04-01 13:12:00,78
2026-04-01 13:22:00,78
2026-04-01 13:32:00,68
2026-04-01 13:42:00,68
2026-04-01 13:52:00,71
2026-04-01 14:02:00,74
2026-04-01 14:12:00,77
2026-04-01 14:22:00,72
2026-04-01 14:32:00,73
2026-04-01 14:42:00,70
2026-04-01 14:52:00,74
2026-04-01 15:02:00,73
2026-04-01 15:12:00,74
2026-04-01 15:22:00,71
2026-04-01 15:32:00,76
2026-04-01 15:42:00,68
2026-04-01 15:52:00,78
2026-04-01 16:02:00,73
2026-04-01 16:12:00,75
2026-04-01 16:22:00,77
2026-04-01 16:32:00,71
2026-04-01 16:42:00,78
2026-04-01 16:52:00,68
2026-04-01 17:02:00,85
2026-04-01 17:12:00,92
2026-04-01 17:22:00,90
2026-04-01 17:32:00,83
2026-04-01 17:42:00,92
2026-04-01 17:52:00,87
2026-04-01 18:02:00,85
2026-04-01 18:12:00,93
2026-04-01 18:22:00,86
2026-04-01 18:32:00,89
2026-04-01 18:42:00,85
2026-04-01 18:52:00,83
2026-04-01 19:02:00,89
2026-04-01 19:12:00,91
2026-04-01 19:22:00,85
2026-04-01 19:32:00,90
2026-04-01 19:42:00,90
2026-04-01 19:52:00,86
2026-04-01 20:02:00,101
2026-04-01 20:12:00,105
2026-04-01 20:22:00,105
2026-04-01 20:32:00,95
2026-04-01 20:42:00,97
2026-04-01 20:52:00,95
2026-04-01 21:02:00,99
2026-04-01 21:12:00,104
2026-04-01 21:22:00,95
2026-04-01 21:32:00,104
2026-04-01 21:42:00,95
2026-04-01 21:52:00,103
2026-04-01 22:02:00,103
2026-04-01 22:12:00,99
2026-04-01 22:22:00,101
2026-04-01 22:32:00,95
2026-04-01 22:42:00,96
2026-04-01 22:52:00,101
2026-04-01 23:02:00,103
2026-04-01 23:12:00,104
2026-04-01 23:22:00,105
2026-04-01 23:32:00,99
2026-04-01 23:42:00,95
2026-04-01 23:52:00,104
2026-04-02 00:02:00,86
2026-04-02 00:12:00,83
2026-04-02 00:22:00,87
2026-04-02 00:32:00,90
2026-04-02 00:42:00,86
2026-04-02 00:52:00,88
2026-04-02 01:02:00,87
2026-04-02 01:12:00,92
2026-04-02 01:22:00,91
2026-04-02 01:32:00,88
2026-04-02 01:42:00,92
2026-04-02 01:52:00,84
2026-04-02 02:02:00,84
2026-04-02 02:12:00,84
2026-04-02 02:22:00,88
2026-04-02 02:32:00,92
2026-04-02 02:42:00,93
2026-04-02 02:52:00,86
2026-04-02 03:02:00,88
2026-04-02 03:12:00,90
2026-04-02 03:22:00,90
2026-04-02 03:32:00,89
2026-04-02 03:42:00,93
2026-04-02 03:52:00,91
2026-04-02 04:02:00,93
2026-04-02 04:12:00,90
2026-04-02 04:22:00,88
2026-04-02 04:32:00,88
2026-04-02 04:42:00,92
2026-04-02 04:52:00,93
2026-04-02 05:02:00,84
2026-04-02 05:12:00,90
2026-04-02 05:22:00,84
2026-04-02 05:32:00,90
2026-04-02 05:42:00,92
2026-04-02 05:52:00,85
2026-04-02 06:02:00,88
2026-04-02 06:12:00,93
2026-04-02 06:22:00,84
2026-04-02 06:32:00,91
2026-04-02 06:42:00,88
2026-04-02 06:52:00,86
2026-04-02 07:02:00,101
2026-04-02 07:12:00,105
2026-04-02 07:22:00,110
2026-04-02 07:32:00,111
2026-04-02 07:42:00,105
2026-04-02 07:52:00,101
2026-04-02 08:02:00,110
2026-04-02 08:12:00,103
2026-04-02 08:22:00,105
2026-04-02 08:32:00,106
2026-04-02 08:42:00,105
2026-04-02 08:52:00,106
2026-04-02 09:02:00,102
2026-04-02 09:12:00,102
2026-04-02 09:22:00,104
2026-04-02 09:32:00,102
2026-04-02 09:42:00,109
2026-04-02 09:52:00,104
2026-04-02 10:02:00,106
2026-04-02 10:12:00,106
2026-04-02 10:22:00,111
2026-04-02 10:32:00,104
2026-04-02 10:42:00,107
2026-04-02 10:52:00,103
2026-04-02 11:02:00,85
2026-04-02 11:12:00,89
2026-04-02 11:22:00,84
2026-04-02 11:32:00,84
2026-04-02 11:42:00,84
2026-04-02 11:52:00,84
2026-04-02 12:02:00,87
2026-04-02 12:12:00,90
2026-04-02 12:22:00,85
2026-04-02 12:32:00,85
2026-04-02 12:42:00,84
2026-04-02 12:52:00,85
2026-04-02 13:02:00,73
2026-04-02 13:12:00,68
2026-04-02 13:22:00,75
2026-04-02 13:32:00,69
2026-04-02 13:42:00,74
2026-04-02 13:52:00,74
2026-04-02 14:02:00,71
2026-04-02 14:12:00,74
2026-04-02 14:22:00,68
2026-04-02 14:32:00,74
2026-04-02 14:42:00,76
2026-04-02 14:52:00,78
2026-04-02 15:02:00,74
2026-04-02 15:12:00,69
2026-04-02 15:22:00,78
2026-04-02 15:32:00,70
2026-04-02 15:42:00,71
2026-04-02 15:52:00,76
2026-04-02 16:02:00,70
2026-04-02 16:12:00,73
2026-04-02 16:22:00,78
2026-04-02 16:32:00,70
2026-04-02 16:42:00,69
2026-04-02 16:52:00,78
2026-04-02 17:02:00,89
2026-04-02 17:12:00,84
2026-04-02 17:22:00,91
2026-04-02 17:32:00,86
2026-04-02 17:42:00,88
2026-04-02 17:52:00,88
2026-04-02 18:02:00,84
2026-04-02 18:12:00,83
2026-04-02 18:22:00,92
2026-04-02 18:32:00,86
2026-04-02 18:42:00,83
2026-04-02 18:52:00,93
2026-04-02 19:02:00,92
2026-04-02 19:12:00,89
2026-04-02 19:22:00,83
2026-04-02 19:32:00,90
2026-04-02 19:42:00,86
2026-04-02 19:52:00,86
2026-04-02 20:02:00,104
2026-04-02 20:12:00,99
2026-04-02 20:22:00,98
2026-04-02 20:32:00,97
2026-04-02 20:42:00,100
2026-04-02 20:52:00,102
2026-04-02 21:02:00,103
2026-04-02 21:12:00,104
2026-04-02 21:22:00,96
2026-04-02 21:32:00,104
2026-04-02 21:42:00,104
2026-04-02 21:52:00,104
2026-04-02 22:02:00,103
2026-04-02 22:12:00,99
2026-04-02 22:22:00,101
2026-04-02 22:32:00,105
2026-04-02 22:42:00,102
2026-04-02 22:52:00,104
2026-04-02 23:02:00,96
2026-04-02 23:12:00,104
2026-04-02 23:22:00,97
2026-04-02 23:32:00,101
2026-04-02 23:42:00,105
2026-04-02 23:52:00,97
2026-04-03 00:02:00,86
2026-04-03 00:12:00,93
2026-04-03 00:22:00,89
2026-04-03 00:32:00,84
2026-04-03 00:42:00,92
2026-04-03 00:52:00,83
2026-04-03 01:02:00,89
2026-04-03 01:12:00,93
2026-04-03 01:22:00,92
2026-04-03 01:32:00,89
2026-04-03 01:42:00,84
2026-04-03 01:52:00,92
2026-04-03 02:02:00,83
2026-04-03 02:12:00,91
2026-04-03 02:22:00,90
2026-04-03 02:32:00,85
2026-04-03 02:42:00,92
2026-04-03 02:52:00,89
2026-04-03 03:02:00,86
2026-04-03 03:12:00,91
2026-04-03 03:22:00,84
2026-04-03 03:32:00,86
2026-04-03 03:42:00,93
2026-04-03 03:52:00,84
2026-04-03 04:02:00,89
2026-04-03 04:12:00,90
2026-04-03 04:22:00,90
2026-04-03 04:32:00,86
2026-04-03 04:42:00,88
2026-04-03 04:52:00,87
2026-04-03 05:02:00,88
2026-04-03 05:12:00,89
2026-04-03 05:22:00,85
2026-04-03 05:32:00,86
2026-04-03 05:42:00,93
2026-04-03 05:52:00,91
2026-04-03 06:02:00,84
2026-04-03 06:12:00,86
2026-04-03 06:22:00,84
2026-04-03 06:32:00,91
2026-04-03 06:42:00,86
2026-04-03 06:52:00,85
2026-04-03 07:02:00,105
2026-04-03 07:12:00,104
2026-04-03 07:22:00,104
2026-04-03 07:32:00,107
2026-04-03 07:42:00,102
2026-04-03 07:52:00,111
2026-04-03 08:02:00,102
2026-04-03 08:12:00,110
2026-04-03 08:22:00,101
2026-04-03 08:32:00,108
2026-04-03 08:42:00,102
2026-04-03 08:52:00,108
2026-04-03 09:02:00,111
2026-04-03 09:12:00,111
2026-04-03 09:22:00,108
2026-04-03 09:32:00,108
2026-04-03 09:42:00,103
2026-04-03 09:52:00,103
2026-04-03 10:02:00,104
2026-04-03 10:12:00,109
2026-04-03 10:22:00,101
2026-04-03 10:32:00,102
2026-04-03 10:42:00,103
2026-04-03 10:52:00,109
2026-04-03 11:02:00,86
2026-04-03 11:12:00,86
2026-04-03 11:22:00,91
2026-04-03 11:32:00,90
2026-04-03 11:42:00,93
2026-04-03 11:52:00,92
2026-04-03 12:02:00,88
2026-04-03 12:12:00,91
2026-04-03 12:22:00,88
2026-04-03 12:32:00,84
2026-04-03 12:42:00,83
2026-04-03 12:52:00,91
2026-04-03 13:02:00,77
2026-04-03 13:12:00,78
2026-04-03 13:22:00,71
2026-04-03 13:32:00,74
2026-04-03 13:42:00,78
2026-04-03 13:52:00,70
2026-04-03 14:02:00,68
2026-04-03 14:12:00,75
2026-04-03 14:22:00,69
2026-04-03 14:32:00,74
2026-04-03 14:42:00,75
2026-04-03 14:52:00,73
2026-04-03 15:02:00,75
2026-04-03 15:12:00,78
2026-04-03 15:22:00,73
2026-04-03 15:32:00,74
2026-04-03 15:42:00,75
2026-04-03 15:52:00,71
2026-04-03 16:02:00,77
2026-04-03 16:12:00,71
2026-04-03 16:22:00,77
2026-04-03 16:32:00,72
2026-04-03 16:42:00,74
2026-04-03 16:52:00,73
2026-04-03 17:02:00,91
2026-04-03 17:12:00,88
2026-04-03 17:22:00,85
2026-04-03 17:32:00,90
2026-04-03 17:42:00,91
2026-04-03 17:52:00,92
2026-04-03 18:02:00,83
2026-04-03 18:12:00,89
2026-04-03 18:22:00,90
2026-04-03 18:32:00,91
2026-04-03 18:42:00,91
2026-04-03 18:52:00,87
2026-04-03 19:02:00,89
2026-04-03 19:12:00,83
2026-04-03 19:22:00,86
2026-04-03 19:32:00,88
2026-04-03 19:42:00,88
2026-04-03 19:52:00,83
2026-04-03 20:02:00,102
2026-04-10 22:01:47,70
